Application_ID,Age,Income,Credit_Score,Loan_Amount,Employment_Years,Debt_Ratio,Loan_Status
APP001,25,35000,650,20000,2,0.4,Approved
APP002,32,55000,720,40000,5,0.3,Approved
APP003,45,90000,780,80000,10,0.2,Approved
APP004,52,120000,810,150000,15,0.1,Approved
APP005,28,42000,600,25000,3,0.5,Rejected
APP006,36,68000,740,50000,7,0.35,Approved
APP007,41,85000,770,75000,8,0.25,Approved
APP008,29,38000,630,30000,4,0.45,Rejected
APP009,60,110000,800,120000,20,0.15,Approved
APP010,33,58000,710,45000,6,0.3,Approved
